producto_id,sku,nombre_producto,categoria,marca,precio,moneda,estado_producto,fecha_alta,proveedor_id
PROD0001,SKU-55934,Servicio BI 1,Software,CloudWare,9563.34,USD,Activo,2022-04-08,PRV0055
PROD0002,SKU-86607,Dashboard DataGov 2,Licencias,OpenData,10953.38,,Activo,2023-01-23,PRV0010
PROD0003,SKU-87678,Licencia MDM 3,Servicios TI,AndesTech,2328.71,,Activo,2025-02-05,PRV0017
PROD0004,SKU-78461,Soporte MDM 4,,DWC Demo,8830.39,,Activo,2025-04-18,PRV0095
PROD0005,SKU-90725,Licencia Cloud 5,Software,DWC Demo,10044.03,USD,Activo,2023-08-28,PRV0012
PROD0006,SKU-90599,Soporte Analytics 6,Soporte,DataNova,2240.05,PEN,Activo,2021-12-04,PRV0066
PROD0007,SKU-67630,Servicio MDM 7,Servicios ti,DWC Demo,6409.82,PEN,Activo,2023-08-25,PRV0072
PROD0008,SKU-61543,Conector DataGov 8,Soporte,AndesTech,5690.78,,Activo,2023-03-01,PRV0068
PROD0009,SKU-20249,Licencia Cloud 9,Serv TI,DWC Demo,13255.12,USD,Activo,2025-09-21,PRV0056
PROD0010,SKU-83464,Servicio BI 10,Hardware,OpenData,6652.62,PEN,Activo,2024-11-24,PRV0023
PROD0011,SKU-13315,Soporte BI 11,Soporte,SecureBI,12998.77,PEN,Activo,2025-10-18,PRV0079
PROD0012,SKU-83373,Soporte MDM 12,Servicios TI,SecureBI,13150.61,PEN,Activo,2022-01-27,PRV0057
PROD0013,SKU-57315,Dashboard MDM 13,Soporte,DataNova,7913.74,USD,Activo,2021-01-12,PRV0065
PROD0014,SKU-11703,Conector MDM 14,Serv TI,InfoCore,9121.28,PEN,Activo,2021-03-10,PRV0090
PROD0015,SKU-43166,Dashboard Analytics 15,software,OpenData,4148.9,S/,Inactivo,2021-04-28,PRV0063
PROD0016,SKU-32776,Conector ETL 16,Hardware,DataNova,7128.05,USD,Activo,2025-11-27,PRV0079
PROD0017,SKU-30079,Licencia Analytics 17,Capacitación,DWC Demo,10599.31,PEN,Activo,2021-12-29,PRV0057
PROD0018,SKU-93555,Plataforma ETL 18,Licencias,DWC Demo,10673.33,USD,Activo,2022-10-06,PRV0043
PROD0019,SKU-98079,Conector Cloud 19,,SecureBI,12731.04,USD,Activo,2022-10-11,PRV0086
PROD0020,SKU-62844,Conector Analytics 20,Hardware,CloudWare,6274.86,,Activo,2024-09-29,PRV0094
PROD0021,SKU-44948,Plataforma MDM 21,,CloudWare,1305.33,S/,Inactivo,2023-06-28,PRV0023
PROD0022,SKU-93270,Plataforma MDM 22,Licencias,OpenData,11215.09,USD,Activo,2025-09-12,PRV0044
PROD0023,SKU-71112,Plataforma ETL 23,software,DataNova,8544.19,PEN,Activo,2024-11-27,PRV0024
PROD0024,SKU-21326,Conector Analytics 24,Servicios TI,DWC Demo,2825.6,PEN,Activo,2024-04-25,PRV0082
PROD0025,SKU-59090,Conector Cloud 25,Licencias,DWC Demo,6932.22,S/,Activo,2025-12-02,PRV0096
PROD0026,SKU-27397,Conector MDM 26,Servicios TI,AndesTech,4691.78,USD,Activo,2023-02-16,PRV0053
PROD0027,SKU-39617,Licencia Cloud 27,Licencias,AndesTech,12537.37,S/,Inactivo,2022-07-13,PRV0034
PROD0028,SKU-22112,Servicio MDM 28,Serv TI,OpenData,7373.79,PEN,Activo,2024-03-31,PRV0005
PROD0029,SKU-86706,Dashboard Cloud 29,Capacitación,AndesTech,5815.93,S/,Activo,2024-01-07,PRV0027
PROD0030,SKU-54850,Dashboard BI 30,Licencias,DataNova,10509.82,,Activo,2023-10-29,PRV0034
PROD0031,SKU-38607,Plataforma ETL 31,Serv TI,SecureBI,7041.94,USD,Inactivo,2021-03-06,PRV0018
PROD0032,SKU-71242,Dashboard DataGov 32,Serv TI,OpenData,8822.97,PEN,Activo,2023-02-02,PRV0090
PROD0033,SKU-23711,Plataforma Cloud 33,Capacitación,InfoCore,9460.61,USD,Activo,2025-11-16,PRV0083
PROD0034,SKU-23134,Servicio Cloud 34,software,OpenData,2847.32,USD,Activo,2023-01-04,PRV0057
PROD0035,SKU-90820,Conector DataGov 35,Capacitación,InfoCore,6873.86,USD,Activo,2024-03-25,PRV0093
PROD0036,SKU-58918,Conector DataGov 36,Licencias,DataNova,9034.08,USD,Activo,2023-09-16,PRV0054
PROD0037,SKU-65822,Soporte ETL 37,Software,CloudWare,11622.38,,Activo,2024-03-28,PRV0039
PROD0038,SKU-88230,Licencia ETL 38,Servicios TI,CloudWare,14480.27,S/,Activo,2023-12-10,PRV9999
PROD0039,SKU-17051,Licencia MDM 39,software,InfoCore,14556.36,USD,Inactivo,2022-09-26,PRV0001
PROD0040,SKU-96325,Servicio MDM 40,Hardware,CloudWare,2254.99,USD,Activo,2021-12-19,PRV0056
PROD0041,SKU-21818,Conector ETL 41,Soporte,DataNova,-10875.81,PEN,Activo,2021-11-12,PRV0045
PROD0042,SKU-23095,Soporte BI 42,Consultoría,InfoCore,7088.47,S/,Inactivo,2024-11-07,PRV0060
PROD0043,SKU-41816,Soporte Cloud 43,Soporte,DWC Demo,11457.69,USD,Inactivo,2021-07-16,PRV0099
PROD0044,SKU-52875,Conector BI 44,Capacitación,OpenData,13475.42,PEN,Activo,2025-08-06,PRV0045
PROD0045,SKU-41816,Plataforma Cloud 45,,CloudWare,11119.42,USD,Activo,2024-04-16,PRV0047
PROD0046,SKU-54544,Dashboard ETL 46,Capacitación,DataNova,7546.77,S/,Activo,2021-01-04,PRV0018
PROD0047,SKU-75529,Servicio DataGov 47,Hardware,AndesTech,2860.16,PEN,Activo,2022-03-09,PRV0055
PROD0048,SKU-29758,Conector DataGov 48,Software,AndesTech,4310.21,PEN,Activo,2023-03-04,PRV0021
PROD0049,SKU-62194,Plataforma DataGov 49,Hardware,AndesTech,10250.98,S/,Activo,2025-09-05,PRV0084
PROD0050,SKU-63015,Licencia MDM 50,Servicios TI,OpenData,12063.08,,Inactivo,2021-01-26,PRV0088
PROD0051,SKU-69597,Conector DataGov 51,Capacitación,DWC Demo,223.25,PEN,Activo,2024-09-01,PRV0055
PROD0052,SKU-43901,Dashboard DataGov 52,Servicios ti,AndesTech,11143.87,PEN,Activo,2021-08-26,PRV0069
PROD0053,SKU-57823,Soporte ETL 53,Capacitación,DWC Demo,1719.5,S/,Activo,2022-01-02,PRV0020
PROD0054,SKU-10911,Dashboard MDM 54,Consultoría,OpenData,5089.88,,Inactivo,2024-12-20,PRV0056
PROD0055,SKU-16362,Plataforma DataGov 55,software,AndesTech,6998.21,PEN,Activo,2021-03-23,PRV0033
PROD0056,SKU-65797,Plataforma ETL 56,Licencias,CloudWare,5095.05,USD,Activo,2022-08-30,PRV0054
PROD0057,SKU-12296,Conector Analytics 57,,DataNova,6729.21,USD,Activo,2022-09-02,PRV0069
PROD0058,SKU-61932,Dashboard Analytics 58,Servicios TI,SecureBI,3766.97,USD,Inactivo,2021-06-22,PRV0056
PROD0059,SKU-46004,Conector ETL 59,Consultoría,DWC Demo,5213.52,S/,Inactivo,2023-07-28,PRV0006
PROD0060,SKU-20031,Licencia ETL 60,Serv TI,DWC Demo,4932.5,PEN,Inactivo,2021-03-20,PRV0066
PROD0061,SKU-20323,Conector MDM 61,Capacitación,InfoCore,5099.7,PEN,Activo,2024-07-28,PRV0096
PROD0062,SKU-43666,Plataforma DataGov 62,Hardware,DWC Demo,10837.83,USD,Activo,2025-03-02,PRV0039
PROD0063,SKU-90685,Licencia BI 63,Software,AndesTech,7734.89,,Inactivo,2025-10-16,PRV0028
PROD0064,SKU-67271,Licencia MDM 64,Servicios ti,SecureBI,4158.06,PEN,Inactivo,2024-11-11,PRV0024
PROD0065,SKU-98894,Soporte Cloud 65,Software,DWC Demo,4309.44,PEN,Activo,2021-01-11,PRV0036
PROD0066,SKU-45003,Conector MDM 66,Hardware,CloudWare,6963.5,USD,Activo,2025-06-07,PRV0091
PROD0067,SKU-52547,Conector ETL 67,software,OpenData,3354.81,PEN,Activo,2027-05-24,PRV0070
PROD0068,SKU-60992,Plataforma MDM 68,Soporte,AndesTech,7160.26,USD,Inactivo,2024-02-17,PRV0020
PROD0069,SKU-70548,Licencia ETL 69,Servicios TI,SecureBI,12822.62,PEN,Activo,2023-10-19,PRV0052
PROD0070,SKU-14229,Plataforma BI 70,software,OpenData,9927.44,USD,Activo,2024-03-16,PRV0027
PROD0071,SKU-79414,Servicio DataGov 71,Serv TI,InfoCore,5569.41,PEN,Activo,2022-08-21,PRV0080
PROD0072,SKU-86668,Dashboard DataGov 72,Capacitación,DWC Demo,2542.68,PEN,Activo,2022-12-22,PRV0072
PROD0073,SKU-74324,Dashboard Cloud 73,Capacitación,OpenData,14845.72,PEN,Activo,2023-02-08,PRV0051
PROD0074,SKU-38613,Dashboard MDM 74,Servicios TI,DWC Demo,3209.01,USD,Inactivo,2021-08-15,PRV0071
PROD0075,SKU-63545,Soporte ETL 75,Licencias,AndesTech,5312.77,USD,Activo,2022-03-22,PRV0086
PROD0076,SKU-92984,Dashboard ETL 76,Servicios ti,InfoCore,11438.21,USD,Inactivo,2022-10-13,PRV0064
PROD0077,SKU-70806,Licencia Cloud 77,Capacitación,AndesTech,4329.94,PEN,Activo,2023-07-10,PRV0098
PROD0078,SKU-70820,Plataforma DataGov 78,,SecureBI,9860.05,PEN,Inactivo,2024-10-31,PRV0053
PROD0079,SKU-34756,Licencia Cloud 79,,OpenData,9564.43,,Activo,2024-06-21,PRV0077
PROD0080,SKU-84787,Servicio ETL 80,Consultoría,CloudWare,10995.61,,Inactivo,2021-02-16,PRV0088
PROD0081,SKU-21923,Conector ETL 81,Serv TI,InfoCore,14280.1,,Activo,2021-02-16,PRV0021
PROD0082,SKU-70000,Licencia Cloud 82,software,SecureBI,-5567.51,USD,Activo,2025-11-27,PRV0017
PROD0083,SKU-48401,Licencia ETL 83,software,InfoCore,1018.95,USD,Inactivo,2021-03-05,PRV0031
PROD0084,SKU-33183,Conector Analytics 84,,DWC Demo,14593.44,USD,Activo,2023-10-22,PRV0032
PROD0085,SKU-70583,Plataforma BI 85,Software,SecureBI,10844.59,S/,Inactivo,2021-05-24,PRV0067
PROD0086,SKU-71631,Soporte MDM 86,Servicios ti,DataNova,12939.43,S/,Activo,2021-05-25,PRV0057
PROD0087,SKU-73020,Servicio DataGov 87,Software,AndesTech,12424.92,PEN,Inactivo,2021-05-03,PRV0055
PROD0088,SKU-26260,Servicio ETL 88,Hardware,SecureBI,1599.16,USD,Activo,2025-10-01,PRV0053
PROD0089,SKU-96053,Soporte Cloud 89,Licencias,DataNova,5130.53,USD,Activo,2022-05-13,PRV0059
PROD0090,SKU-71242,Servicio BI 90,software,AndesTech,11366.86,PEN,Activo,2022-12-03,PRV0073
PROD0091,SKU-46083,Licencia Cloud 91,Servicios ti,AndesTech,8936.7,PEN,Activo,2025-04-09,PRV0048
PROD0092,SKU-83864,Servicio BI 92,Servicios TI,OpenData,5472.73,S/,Activo,2022-08-20,PRV0061
PROD0093,SKU-67653,Conector BI 93,Servicios TI,CloudWare,10115.52,,Activo,2021-11-13,PRV0050
PROD0094,SKU-43725,Licencia ETL 94,Licencias,CloudWare,9569.6,,Activo,2021-02-27,PRV0034
PROD0095,SKU-57731,Dashboard DataGov 95,software,OpenData,10831.03,USD,Activo,2025-03-07,PRV0083
PROD0096,SKU-30431,Servicio ETL 96,Soporte,InfoCore,8827.67,PEN,Activo,2023-10-24,PRV0068
PROD0097,SKU-73183,Plataforma BI 97,Hardware,AndesTech,2672.04,USD,Activo,2023-02-17,PRV0027
PROD0098,SKU-39400,Conector Analytics 98,Serv TI,CloudWare,2293.82,USD,Inactivo,2024-05-31,PRV0059
PROD0099,SKU-84633,Conector ETL 99,Consultoría,SecureBI,13694.9,USD,Activo,2021-01-25,PRV0086
PROD0100,SKU-14304,Servicio ETL 100,Hardware,AndesTech,6007.44,,Activo,2021-07-22,PRV0008
PROD0101,SKU-68541,Licencia MDM 101,Servicios TI,SecureBI,8522.2,S/,Activo,2022-05-23,PRV0030
PROD0102,SKU-69777,Servicio ETL 102,Licencias,DataNova,2702.59,S/,Activo,2024-06-01,PRV0094
PROD0103,SKU-18345,Dashboard MDM 103,Software,CloudWare,13596.81,USD,Activo,2021-09-29,PRV0075
PROD0104,SKU-86188,Dashboard Analytics 104,Soporte,DWC Demo,7185.37,S/,Activo,2021-07-21,PRV0026
PROD0105,SKU-72691,Soporte Cloud 105,Hardware,OpenData,1790.28,,Activo,2021-06-20,PRV0077
PROD0106,SKU-73862,Dashboard DataGov 106,Hardware,SecureBI,4534.42,PEN,Activo,2021-01-20,PRV0076
PROD0107,SKU-93221,Plataforma MDM 107,Capacitación,OpenData,9235.48,USD,Inactivo,2023-07-24,PRV0081
PROD0108,SKU-33138,Dashboard MDM 108,Serv TI,AndesTech,4963.16,USD,Activo,2023-09-17,PRV0044
PROD0109,SKU-46082,Servicio BI 109,software,DataNova,10183.75,USD,Inactivo,2023-10-28,PRV0001
PROD0110,SKU-51839,Soporte DataGov 110,Servicios TI,CloudWare,13405.84,PEN,Inactivo,2023-11-10,PRV0087
PROD0111,SKU-49929,Soporte MDM 111,Serv TI,SecureBI,1463.79,,Activo,2025-11-01,PRV0025
PROD0112,SKU-24249,Servicio ETL 112,Licencias,AndesTech,11454.65,,Inactivo,2022-03-13,PRV0014
PROD0113,SKU-99751,Licencia ETL 113,Serv TI,CloudWare,4535.92,USD,Activo,2024-06-02,PRV0025
PROD0114,SKU-61935,Licencia ETL 114,Serv TI,CloudWare,11797.88,USD,Inactivo,2025-10-12,PRV0084
PROD0115,SKU-88017,Conector MDM 115,Consultoría,AndesTech,11841.79,PEN,Activo,2025-05-16,PRV0048
PROD0116,SKU-29003,Servicio BI 116,Soporte,InfoCore,4628.17,USD,Inactivo,2025-01-28,PRV0073
PROD0117,SKU-61582,Soporte Analytics 117,Capacitación,AndesTech,11452.29,S/,Activo,2021-01-12,PRV0059
PROD0118,SKU-45940,Licencia Cloud 118,Serv TI,SecureBI,341.22,USD,Activo,2024-12-13,PRV0048
PROD0119,SKU-13103,Soporte MDM 119,Servicios ti,OpenData,4861.59,S/,Activo,2025-06-08,PRV0028
PROD0120,SKU-90944,Servicio Analytics 120,Hardware,CloudWare,7569.0,USD,Activo,2025-10-20,PRV0093
PROD0121,SKU-72872,Soporte Analytics 121,Serv TI,InfoCore,14125.34,S/,Inactivo,2024-04-29,PRV0032
PROD0122,SKU-46718,Soporte Analytics 122,Hardware,DataNova,14804.59,S/,Activo,2024-04-15,PRV0036
PROD0123,SKU-80503,Plataforma DataGov 123,Servicios TI,SecureBI,-5573.26,PEN,Activo,2022-08-06,PRV0100
PROD0124,SKU-64234,Licencia ETL 124,Licencias,OpenData,12373.44,USD,Activo,2025-11-25,PRV0057
PROD0125,SKU-42142,Conector MDM 125,Servicios ti,OpenData,4951.24,USD,Activo,2024-01-25,PRV0018
PROD0126,SKU-18913,Conector BI 126,Soporte,DWC Demo,13067.34,USD,Inactivo,2024-12-03,PRV0096
PROD0127,SKU-38155,Licencia DataGov 127,Soporte,AndesTech,2802.89,USD,Activo,2023-08-18,PRV0033
PROD0128,SKU-89117,Licencia Analytics 128,Serv TI,InfoCore,11227.37,PEN,Inactivo,2021-02-17,PRV0063
PROD0129,SKU-16295,Dashboard MDM 129,Software,OpenData,12483.53,PEN,Activo,2021-05-04,PRV0065
PROD0130,SKU-52869,Servicio ETL 130,Soporte,SecureBI,11862.56,PEN,Activo,2023-10-05,PRV0073
PROD0131,SKU-22077,Plataforma ETL 131,Servicios TI,DWC Demo,14614.7,,Activo,2025-05-18,PRV0074
PROD0132,SKU-71400,Plataforma BI 132,Capacitación,DWC Demo,9169.97,USD,Inactivo,2022-01-26,PRV0058
PROD0133,SKU-29949,Licencia BI 133,,AndesTech,9774.13,PEN,Inactivo,2021-05-30,PRV0003
PROD0134,SKU-62620,Soporte Analytics 134,Software,CloudWare,8642.33,USD,Inactivo,2027-10-27,PRV0020
PROD0135,SKU-61932,Servicio ETL 135,software,SecureBI,8786.43,S/,Activo,2025-04-22,PRV0099
PROD0136,SKU-85292,Dashboard Cloud 136,Consultoría,DWC Demo,13884.08,USD,Activo,2025-01-04,PRV0040
PROD0137,SKU-33800,Dashboard Analytics 137,Servicios TI,OpenData,1558.4,USD,Activo,2023-12-29,PRV0042
PROD0138,SKU-51331,Licencia Cloud 138,Licencias,CloudWare,13930.56,PEN,Activo,2024-09-09,PRV0030
PROD0139,SKU-38473,Licencia DataGov 139,Hardware,DWC Demo,11596.56,PEN,Activo,2021-02-25,PRV0057
PROD0140,SKU-37339,Soporte DataGov 140,Consultoría,CloudWare,5737.23,PEN,Activo,2023-07-05,PRV0012
PROD0141,SKU-32950,Conector ETL 141,Hardware,CloudWare,7625.21,USD,Activo,2024-03-30,PRV0063
PROD0142,SKU-89278,Soporte Cloud 142,Consultoría,DataNova,5407.94,,Activo,2022-10-11,PRV0062
PROD0143,SKU-43460,Plataforma Analytics 143,Capacitación,DWC Demo,7655.59,PEN,Inactivo,2023-07-25,PRV0013
PROD0144,SKU-56488,Plataforma DataGov 144,Serv TI,AndesTech,5437.87,USD,Activo,2022-09-27,PRV0084
PROD0145,SKU-94355,Soporte Analytics 145,Licencias,SecureBI,12162.03,S/,Activo,2025-11-29,PRV0006
PROD0146,SKU-28446,Dashboard Analytics 146,Servicios TI,OpenData,12718.85,USD,Activo,2021-12-30,PRV0089
PROD0147,SKU-71579,Dashboard Cloud 147,Serv TI,AndesTech,11446.2,USD,Inactivo,2021-05-06,PRV0021
PROD0148,SKU-64950,Licencia BI 148,Serv TI,CloudWare,2627.68,USD,Activo,2023-11-29,PRV9999
PROD0149,SKU-31282,Servicio DataGov 149,Serv TI,AndesTech,498.2,USD,Activo,2022-02-22,PRV0004
PROD0150,SKU-13385,Plataforma BI 150,Servicios TI,InfoCore,5007.15,PEN,Inactivo,2023-08-22,PRV0098
PROD0151,SKU-88447,Licencia Analytics 151,Software,AndesTech,10851.71,USD,Activo,2021-12-14,PRV0054
PROD0152,SKU-18693,Soporte DataGov 152,Servicios ti,InfoCore,1730.54,USD,Activo,2023-09-02,PRV0040
PROD0153,SKU-72422,Licencia MDM 153,Serv TI,OpenData,7068.83,USD,Activo,2022-06-11,PRV0062
PROD0154,SKU-74592,Dashboard Cloud 154,Servicios TI,CloudWare,11243.35,,Activo,2025-10-11,PRV0019
PROD0155,SKU-39563,Plataforma BI 155,Capacitación,AndesTech,9905.19,,Activo,2025-03-03,PRV0032
PROD0156,SKU-39651,Conector MDM 156,Soporte,SecureBI,3797.53,PEN,Activo,2025-02-04,PRV0098
PROD0157,SKU-27263,Conector Cloud 157,,SecureBI,4952.76,PEN,Inactivo,2023-02-07,PRV0081
PROD0158,SKU-16293,Plataforma Cloud 158,Serv TI,DataNova,11923.21,USD,Activo,2022-01-09,PRV0051
PROD0159,SKU-52274,Soporte MDM 159,Consultoría,SecureBI,225.1,,Inactivo,2023-09-12,PRV0058
PROD0160,SKU-38159,Dashboard DataGov 160,Hardware,SecureBI,6825.24,USD,Activo,2022-06-23,PRV0044
PROD0161,SKU-34421,Soporte ETL 161,software,SecureBI,3866.5,PEN,Activo,2025-07-11,PRV0098
PROD0162,SKU-78035,Servicio DataGov 162,Serv TI,DataNova,3979.81,,Activo,2025-05-21,PRV0013
PROD0163,SKU-39769,Plataforma Analytics 163,Servicios ti,SecureBI,14627.56,USD,Activo,2025-08-27,PRV0045
PROD0164,SKU-50243,Plataforma ETL 164,Servicios TI,InfoCore,-6815.84,,Activo,2024-02-08,PRV0019
PROD0165,SKU-99204,Licencia BI 165,Soporte,OpenData,3366.76,,Activo,2021-02-04,PRV0073
PROD0166,SKU-79541,Dashboard MDM 166,Servicios ti,CloudWare,7899.43,S/,Activo,2025-06-27,PRV0048
PROD0167,SKU-30807,Conector BI 167,,CloudWare,1547.06,S/,Activo,2021-12-06,PRV0070
PROD0168,SKU-89910,Servicio Analytics 168,Capacitación,AndesTech,6389.04,PEN,Inactivo,2022-02-19,PRV0061
PROD0169,SKU-71342,Servicio Analytics 169,Hardware,AndesTech,4862.72,S/,Activo,2025-01-17,PRV0027
PROD0170,SKU-90362,Plataforma DataGov 170,Servicios TI,CloudWare,8930.07,PEN,Activo,2021-05-17,PRV0098
PROD0171,SKU-41780,Conector DataGov 171,Capacitación,OpenData,5899.01,USD,Activo,2021-11-23,PRV0045
PROD0172,SKU-19244,Licencia DataGov 172,Hardware,SecureBI,3433.26,S/,Activo,2022-07-20,PRV0027
PROD0173,SKU-68114,Servicio Analytics 173,Serv TI,DataNova,2179.01,,Activo,2022-07-19,PRV0068
PROD0174,SKU-23449,Soporte Cloud 174,Serv TI,InfoCore,11586.29,USD,Activo,2024-05-10,PRV0070
PROD0175,SKU-89958,Conector MDM 175,Licencias,DataNova,6842.79,PEN,Activo,2021-05-25,PRV0015
PROD0176,SKU-92168,Licencia BI 176,software,DWC Demo,7024.56,USD,Activo,2024-04-13,PRV0067
PROD0177,SKU-23506,Dashboard ETL 177,Soporte,CloudWare,1374.17,S/,Inactivo,2025-02-07,PRV0090
PROD0178,SKU-66685,Plataforma MDM 178,Licencias,AndesTech,6354.03,S/,Activo,2024-07-30,PRV0054
PROD0179,SKU-97422,Plataforma Analytics 179,Hardware,SecureBI,12552.63,PEN,Activo,2023-01-01,PRV0075
PROD0180,SKU-12296,Servicio Analytics 180,software,OpenData,8886.71,,Inactivo,2024-09-25,PRV0078
PROD0181,SKU-78022,Soporte Analytics 181,,DataNova,13062.38,,Activo,2024-09-29,PRV0074
PROD0182,SKU-22440,Licencia MDM 182,,SecureBI,1806.23,S/,Inactivo,2025-04-14,PRV0051
PROD0183,SKU-15225,Soporte DataGov 183,,DWC Demo,5242.2,,Activo,2025-06-03,PRV0052
PROD0184,SKU-92328,Conector Analytics 184,Consultoría,OpenData,11178.58,USD,Activo,2023-06-04,PRV0081
PROD0185,SKU-53117,Plataforma BI 185,software,DWC Demo,1527.12,USD,Activo,2023-04-25,PRV0088
PROD0186,SKU-55095,Servicio DataGov 186,Software,AndesTech,5318.06,PEN,Activo,2022-05-25,PRV0099
PROD0187,SKU-31049,Dashboard BI 187,Soporte,SecureBI,3180.25,PEN,Activo,2025-04-28,PRV0100
PROD0188,SKU-32551,Plataforma MDM 188,Soporte,OpenData,12678.56,,Activo,2025-10-21,PRV0041
PROD0189,SKU-50086,Plataforma BI 189,Capacitación,AndesTech,1564.41,,Inactivo,2025-01-18,PRV0082
PROD0190,SKU-34404,Servicio BI 190,software,AndesTech,11360.64,USD,Inactivo,2022-02-19,PRV0047
PROD0191,SKU-30868,Plataforma Analytics 191,Consultoría,OpenData,14391.66,USD,Activo,2022-10-24,PRV0097
PROD0192,SKU-83389,Dashboard BI 192,Hardware,CloudWare,8096.9,PEN,Activo,2023-03-27,PRV0092
PROD0193,SKU-88377,Soporte MDM 193,Servicios TI,SecureBI,13724.72,USD,Activo,2024-09-20,PRV0051
PROD0194,SKU-27436,Conector MDM 194,,OpenData,13822.81,PEN,Activo,2021-08-01,PRV0029
PROD0195,SKU-68004,Dashboard Cloud 195,Serv TI,AndesTech,12400.7,PEN,Inactivo,2022-05-19,PRV0029
PROD0196,SKU-38701,Soporte BI 196,Consultoría,CloudWare,3718.01,PEN,Activo,2022-04-08,PRV0032
PROD0197,SKU-12722,Soporte DataGov 197,Servicios ti,OpenData,12870.09,,Activo,2023-09-17,PRV0053
PROD0198,SKU-34386,Soporte BI 198,,InfoCore,12726.18,S/,Activo,2024-04-04,PRV0091
PROD0199,SKU-57706,Soporte MDM 199,Soporte,CloudWare,12061.22,USD,Activo,2022-06-24,PRV0010
PROD0200,SKU-27628,Conector Cloud 200,Servicios ti,OpenData,4858.86,USD,Activo,2025-08-22,PRV9999
PROD0201,SKU-76512,Dashboard Cloud 201,Soporte,SecureBI,10639.89,S/,Activo,2027-06-04,PRV0060
PROD0202,SKU-45275,Soporte ETL 202,software,InfoCore,8635.17,,Inactivo,2021-04-19,PRV0009
PROD0203,SKU-32458,Dashboard BI 203,Software,AndesTech,380.62,PEN,Activo,2023-07-08,PRV0009
PROD0204,SKU-99392,Servicio ETL 204,Licencias,SecureBI,5348.46,PEN,Inactivo,2025-01-12,PRV0056
PROD0205,SKU-27479,Conector DataGov 205,Licencias,OpenData,-14793.79,S/,Activo,2022-03-17,PRV0043
PROD0206,SKU-40482,Dashboard DataGov 206,Servicios TI,DWC Demo,8569.37,,Activo,2025-11-29,PRV0001
PROD0207,SKU-89900,Servicio ETL 207,Hardware,DWC Demo,841.92,PEN,Activo,2025-03-26,PRV0068
PROD0208,SKU-64225,Licencia Cloud 208,,DWC Demo,10969.19,USD,Activo,2025-02-09,PRV0004
PROD0209,SKU-95119,Plataforma MDM 209,Hardware,DataNova,13935.95,PEN,Inactivo,2025-02-01,PRV0053
PROD0210,SKU-59976,Servicio Cloud 210,Hardware,AndesTech,10461.41,USD,Activo,2021-10-11,PRV0091
PROD0211,SKU-66408,Plataforma Cloud 211,Licencias,InfoCore,13192.01,USD,Activo,2023-10-21,PRV0045
PROD0212,SKU-94833,Soporte Analytics 212,Servicios ti,AndesTech,9513.46,PEN,Activo,2022-11-27,PRV0072
PROD0213,SKU-17752,Licencia Analytics 213,Servicios ti,DataNova,10256.52,PEN,Activo,2021-07-15,PRV0050
PROD0214,SKU-50142,Dashboard MDM 214,Hardware,CloudWare,463.42,USD,Inactivo,2024-03-09,PRV0024
PROD0215,SKU-80151,Plataforma BI 215,Servicios TI,OpenData,3314.69,USD,Activo,2022-12-09,PRV0057
PROD0216,SKU-33264,Soporte Analytics 216,,DataNova,7634.56,,Activo,2025-07-26,PRV0040
PROD0217,SKU-48198,Licencia ETL 217,Servicios ti,CloudWare,1661.24,PEN,Inactivo,2024-10-30,PRV0025
PROD0218,SKU-89102,Servicio DataGov 218,Serv TI,OpenData,2371.03,PEN,Inactivo,2024-06-09,PRV0015
PROD0219,SKU-97648,Licencia MDM 219,Servicios TI,CloudWare,8339.2,PEN,Activo,2022-11-24,
PROD0220,SKU-62990,Soporte BI 220,,DataNova,671.78,,Activo,2021-05-01,PRV0085
PROD0221,SKU-95826,Dashboard ETL 221,Servicios ti,OpenData,4842.27,PEN,Activo,2023-12-16,PRV0037
PROD0222,SKU-51984,Licencia MDM 222,Serv TI,InfoCore,2075.36,PEN,Inactivo,2025-04-13,PRV0049
PROD0223,SKU-20798,Plataforma MDM 223,Servicios ti,InfoCore,7382.46,,Inactivo,2023-10-04,PRV0040
PROD0224,SKU-75223,Servicio BI 224,Software,OpenData,14884.7,PEN,Activo,2025-04-28,PRV0012
PROD0225,SKU-88447,Dashboard Cloud 225,Serv TI,AndesTech,11230.38,S/,Activo,2024-03-15,PRV0069
PROD0226,SKU-13665,Soporte Cloud 226,Soporte,OpenData,755.75,PEN,Inactivo,2022-09-13,PRV0095
PROD0227,SKU-76633,Dashboard MDM 227,Serv TI,SecureBI,7883.57,PEN,Activo,2022-01-01,PRV0013
PROD0228,SKU-69930,Conector MDM 228,Hardware,SecureBI,14251.97,USD,Inactivo,2022-03-30,PRV0027
PROD0229,SKU-84861,Plataforma DataGov 229,Consultoría,SecureBI,9624.3,PEN,Activo,2021-02-01,PRV0001
PROD0230,SKU-41508,Servicio Cloud 230,Capacitación,DWC Demo,9910.93,USD,Activo,2025-08-30,PRV0052
PROD0231,SKU-15866,Licencia ETL 231,Serv TI,AndesTech,2381.14,PEN,Activo,2024-05-11,PRV0027
PROD0232,SKU-95634,Soporte BI 232,Software,InfoCore,11062.67,PEN,Inactivo,2022-07-13,PRV0036
PROD0233,SKU-34837,Servicio ETL 233,Software,SecureBI,12260.03,S/,Inactivo,2023-09-27,PRV0006
PROD0234,SKU-68868,Licencia Analytics 234,Serv TI,DataNova,1976.88,PEN,Activo,2024-11-13,
PROD0235,SKU-74033,Servicio Cloud 235,Licencias,SecureBI,1044.18,S/,Inactivo,2024-01-05,PRV0037
PROD0236,SKU-80288,Dashboard MDM 236,Hardware,DWC Demo,4332.26,PEN,Inactivo,2025-10-19,PRV0026
PROD0237,SKU-21338,Licencia Cloud 237,Servicios ti,DataNova,8343.51,PEN,Inactivo,2023-10-17,PRV0014
PROD0238,SKU-24602,Soporte Cloud 238,Hardware,DWC Demo,3468.24,S/,Activo,2025-09-03,PRV0031
PROD0239,SKU-67140,Conector Cloud 239,software,OpenData,9249.05,PEN,Activo,2023-06-17,PRV0099
PROD0240,SKU-37581,Dashboard Analytics 240,Servicios TI,AndesTech,10887.41,USD,Activo,2021-03-31,PRV0045
PROD0241,SKU-70559,Plataforma DataGov 241,Capacitación,CloudWare,3049.71,USD,Activo,2024-08-12,PRV0029
PROD0242,SKU-34112,Conector BI 242,software,DataNova,9426.84,PEN,Activo,2022-11-19,PRV0032
PROD0243,SKU-88860,Licencia Cloud 243,Servicios ti,AndesTech,7951.92,PEN,Activo,2024-02-15,PRV0088
PROD0244,SKU-18536,Plataforma ETL 244,Servicios TI,SecureBI,6178.37,USD,Activo,2023-12-31,PRV0005
PROD0245,SKU-28807,Licencia Analytics 245,Capacitación,DataNova,13527.72,,Activo,2024-11-02,PRV0050
PROD0246,SKU-84311,Conector Analytics 246,,OpenData,-1838.65,PEN,Activo,2022-04-05,PRV0084
PROD0247,SKU-72446,Soporte MDM 247,Serv TI,OpenData,14061.3,PEN,Inactivo,2024-08-13,PRV0096
PROD0248,SKU-41151,Servicio MDM 248,Serv TI,InfoCore,10259.07,PEN,Activo,2024-06-08,PRV0059
PROD0249,SKU-80314,Licencia MDM 249,Serv TI,SecureBI,13197.69,USD,Inactivo,2022-04-04,PRV0033
PROD0250,SKU-31013,Soporte MDM 250,Servicios TI,DataNova,5552.77,PEN,Inactivo,2021-02-12,PRV0091
PROD0251,SKU-80975,Licencia BI 251,Soporte,CloudWare,12782.67,PEN,Inactivo,2023-04-04,PRV0054
PROD0252,SKU-70369,Soporte DataGov 252,Soporte,AndesTech,11015.07,USD,Inactivo,2023-06-29,PRV0018
PROD0253,SKU-79459,Conector Cloud 253,,CloudWare,3128.43,S/,Activo,2022-03-21,PRV0060
PROD0254,SKU-81854,Soporte MDM 254,Serv TI,AndesTech,12943.46,USD,Inactivo,2025-06-11,PRV0019
PROD0255,SKU-71634,Soporte MDM 255,,InfoCore,1674.32,PEN,Activo,2024-08-28,PRV0028
PROD0256,SKU-54260,Conector DataGov 256,Servicios ti,InfoCore,8297.81,USD,Inactivo,2021-11-17,PRV0004
PROD0257,SKU-37060,Licencia MDM 257,Serv TI,OpenData,5820.26,USD,Inactivo,2024-09-28,PRV0074
PROD0258,SKU-35927,Soporte Cloud 258,Servicios TI,DWC Demo,2302.71,PEN,Activo,2022-10-11,PRV0079
PROD0259,SKU-90258,Plataforma BI 259,Hardware,DWC Demo,7982.29,PEN,Activo,2024-07-10,PRV0003
PROD0260,SKU-11136,Plataforma MDM 260,Hardware,AndesTech,13806.57,USD,Activo,2025-11-16,PRV0096
PROD0261,SKU-29739,Plataforma MDM 261,,AndesTech,14371.45,,Inactivo,2022-09-22,PRV0061
PROD0262,SKU-54383,Servicio Analytics 262,Servicios ti,CloudWare,10568.87,USD,Activo,2022-08-17,PRV0054
PROD0263,SKU-25524,Soporte Cloud 263,Servicios ti,OpenData,8007.96,S/,Inactivo,2024-06-20,PRV0090
PROD0264,SKU-46861,Plataforma BI 264,Servicios TI,InfoCore,10364.96,PEN,Activo,2022-05-26,PRV0018
PROD0265,SKU-59931,Licencia Analytics 265,,SecureBI,7118.56,USD,Inactivo,2023-09-04,PRV0075
PROD0266,SKU-84961,Soporte BI 266,,AndesTech,2768.41,USD,Activo,2021-02-10,PRV0048
PROD0267,SKU-19029,Servicio BI 267,Capacitación,CloudWare,2699.67,PEN,Activo,2024-07-02,PRV0082
PROD0268,SKU-52034,Dashboard DataGov 268,Software,OpenData,4420.62,,Inactivo,2027-02-12,PRV0022
PROD0269,SKU-57869,Dashboard MDM 269,Servicios ti,DataNova,12776.23,PEN,Activo,2022-01-29,PRV0022
PROD0270,SKU-80503,Soporte DataGov 270,Soporte,DataNova,10522.7,USD,Inactivo,2022-06-23,PRV0085
PROD0271,SKU-20517,Licencia ETL 271,Software,SecureBI,5027.14,,Activo,2021-03-06,PRV0039
PROD0272,SKU-59895,Soporte DataGov 272,Software,SecureBI,3034.65,S/,Activo,2023-08-21,PRV0090
PROD0273,SKU-59170,Dashboard DataGov 273,Capacitación,SecureBI,5067.74,USD,Activo,2025-07-03,PRV0045
PROD0274,SKU-44286,Servicio MDM 274,Hardware,InfoCore,8308.12,S/,Activo,2023-09-29,PRV0086
PROD0275,SKU-51761,Plataforma Cloud 275,Hardware,CloudWare,12929.11,PEN,Activo,2021-08-21,PRV0048
PROD0276,SKU-18514,Licencia Analytics 276,Hardware,DataNova,2352.39,S/,Activo,2025-06-30,PRV0095
PROD0277,SKU-54713,Plataforma Cloud 277,,SecureBI,13058.89,PEN,Activo,2024-06-18,PRV9999
PROD0278,SKU-97154,Plataforma BI 278,Servicios TI,CloudWare,1632.2,S/,Activo,2021-09-07,PRV0024
PROD0279,SKU-22019,Plataforma DataGov 279,Serv TI,CloudWare,10787.9,USD,Activo,2021-07-07,PRV0092
PROD0280,SKU-20408,Dashboard Cloud 280,software,DWC Demo,5834.17,USD,Inactivo,2024-07-04,PRV0078
PROD0281,SKU-34387,Conector ETL 281,Software,InfoCore,7064.7,USD,Activo,2025-02-07,PRV0011
PROD0282,SKU-33049,Licencia ETL 282,,CloudWare,14614.15,S/,Activo,2022-06-24,PRV0090
PROD0283,SKU-19932,Servicio Cloud 283,Servicios TI,InfoCore,2863.57,S/,Activo,2025-10-04,PRV0077
PROD0284,SKU-64038,Licencia DataGov 284,Licencias,DWC Demo,7624.48,USD,Activo,2022-08-08,PRV0068
PROD0285,SKU-10915,Servicio MDM 285,Servicios TI,DataNova,9839.89,PEN,Activo,2024-10-31,PRV0064
PROD0286,SKU-55118,Dashboard DataGov 286,Hardware,SecureBI,13545.27,S/,Inactivo,2021-05-04,PRV0002
PROD0287,SKU-98408,Servicio BI 287,Serv TI,OpenData,-1369.06,S/,Activo,2024-04-19,PRV0073
PROD0288,SKU-44398,Soporte MDM 288,software,AndesTech,10920.88,PEN,Activo,2022-10-16,PRV0098
PROD0289,SKU-74105,Licencia Cloud 289,,CloudWare,4736.45,PEN,Activo,2025-03-06,PRV0053
PROD0290,SKU-70941,Soporte DataGov 290,software,InfoCore,13205.62,USD,Activo,2022-10-27,PRV0095
PROD0291,SKU-60536,Licencia MDM 291,Capacitación,DWC Demo,6322.98,S/,Activo,2021-02-20,PRV0052
PROD0292,SKU-57934,Conector Cloud 292,Servicios TI,OpenData,258.55,USD,Activo,2025-06-09,PRV0013
PROD0293,SKU-12148,Servicio MDM 293,Consultoría,DataNova,5899.81,PEN,Inactivo,2021-11-03,PRV0021
PROD0294,SKU-49783,Dashboard MDM 294,Consultoría,CloudWare,12455.18,PEN,Inactivo,2025-10-15,PRV0056
PROD0295,SKU-67030,Soporte BI 295,Software,AndesTech,14212.6,PEN,Activo,2021-11-24,PRV0042
PROD0296,SKU-72482,Licencia ETL 296,software,DWC Demo,9136.87,USD,Inactivo,2021-10-17,PRV0063
PROD0297,SKU-11699,Licencia MDM 297,Serv TI,AndesTech,14355.01,S/,Inactivo,2024-07-17,PRV0079
PROD0298,SKU-25970,Servicio MDM 298,Soporte,DWC Demo,9006.78,S/,Activo,2023-12-21,PRV0048
PROD0299,SKU-84098,Plataforma DataGov 299,Soporte,InfoCore,14557.94,USD,Activo,2021-05-10,PRV0042
PROD0300,SKU-40597,Conector DataGov 300,Licencias,OpenData,13656.68,USD,Activo,2022-10-03,PRV0090
PROD0301,SKU-35477,Conector ETL 301,Consultoría,SecureBI,13532.74,,Activo,2022-10-22,PRV0032
PROD0302,SKU-74040,Servicio ETL 302,Hardware,InfoCore,8471.31,USD,Activo,2021-02-09,PRV0011
PROD0303,SKU-79367,Conector MDM 303,Hardware,InfoCore,7389.56,PEN,Activo,2024-05-19,
PROD0304,SKU-46203,Plataforma DataGov 304,Consultoría,CloudWare,10693.02,S/,Activo,2023-01-16,PRV0042
PROD0305,SKU-56683,Dashboard Cloud 305,Licencias,AndesTech,12381.31,PEN,Activo,2023-09-16,PRV0078
PROD0306,SKU-80295,Conector Cloud 306,,OpenData,3040.87,PEN,Activo,2025-07-19,PRV0094
PROD0307,SKU-17938,Dashboard ETL 307,Licencias,CloudWare,11045.65,PEN,Inactivo,2022-02-04,PRV0090
PROD0308,SKU-11430,Licencia MDM 308,Software,DataNova,4507.75,S/,Inactivo,2022-02-23,PRV0011
PROD0309,SKU-58317,Soporte BI 309,Capacitación,OpenData,7000.85,USD,Inactivo,2021-10-30,PRV0098
PROD0310,SKU-51168,Soporte MDM 310,Consultoría,SecureBI,1660.79,,Inactivo,2022-07-15,PRV0037
PROD0311,SKU-31351,Plataforma Analytics 311,Software,DWC Demo,8817.88,USD,Inactivo,2022-10-24,PRV0048
PROD0312,SKU-28579,Soporte ETL 312,Software,SecureBI,4763.27,PEN,Activo,2025-01-15,PRV0051
PROD0313,SKU-33330,Plataforma BI 313,Licencias,AndesTech,4932.83,,Activo,2025-09-09,PRV0066
PROD0314,SKU-17321,Licencia DataGov 314,Hardware,DataNova,10855.51,USD,Activo,2025-01-01,PRV0014
PROD0315,SKU-33183,Plataforma MDM 315,Soporte,AndesTech,14104.84,PEN,Inactivo,2022-04-27,PRV0044
PROD0316,SKU-19119,Plataforma ETL 316,Capacitación,SecureBI,7412.21,PEN,Activo,2024-01-22,PRV0071
PROD0317,SKU-21727,Licencia Analytics 317,Licencias,CloudWare,12224.74,USD,Activo,2023-07-08,PRV0083
PROD0318,SKU-99590,Conector BI 318,Consultoría,InfoCore,8387.38,PEN,Activo,2021-04-18,PRV0029
PROD0319,SKU-40495,Licencia ETL 319,Soporte,AndesTech,14251.99,PEN,Inactivo,2025-11-18,PRV0003
PROD0320,SKU-76879,Plataforma BI 320,Capacitación,OpenData,11494.77,PEN,Activo,2023-10-06,PRV0026
PROD0321,SKU-87289,Dashboard DataGov 321,Software,AndesTech,588.28,S/,Activo,2022-04-16,PRV0075
PROD0322,SKU-58249,Licencia DataGov 322,Consultoría,CloudWare,7661.77,,Activo,2025-08-25,PRV0081
PROD0323,SKU-91630,Servicio ETL 323,Capacitación,CloudWare,4257.19,USD,Activo,2024-02-14,PRV0043
PROD0324,SKU-35660,Soporte Analytics 324,Serv TI,AndesTech,4939.52,PEN,Activo,2022-06-18,PRV0058
PROD0325,SKU-89084,Dashboard DataGov 325,Consultoría,CloudWare,14517.63,PEN,Activo,2024-10-07,PRV0050
PROD0326,SKU-23989,Licencia Cloud 326,,SecureBI,11155.06,S/,Activo,2025-11-26,PRV0089
PROD0327,SKU-98369,Servicio MDM 327,software,DataNova,3254.42,S/,Activo,2024-04-29,PRV0073
PROD0328,SKU-43073,Servicio Analytics 328,Consultoría,DWC Demo,-3291.25,USD,Activo,2021-02-18,PRV0027
PROD0329,SKU-75482,Conector MDM 329,software,InfoCore,14204.59,,Activo,2023-03-07,PRV0063
PROD0330,SKU-72937,Conector Cloud 330,Hardware,OpenData,8434.41,PEN,Activo,2022-08-08,PRV0004
PROD0331,SKU-91169,Servicio Analytics 331,Licencias,InfoCore,797.92,PEN,Activo,2021-01-23,PRV0013
PROD0332,SKU-17017,Licencia DataGov 332,Soporte,DataNova,5552.34,USD,Inactivo,2024-08-15,PRV0084
PROD0333,SKU-12935,Plataforma MDM 333,Servicios TI,AndesTech,4497.18,PEN,Activo,2021-03-13,PRV0016
PROD0334,SKU-93454,Plataforma DataGov 334,Servicios TI,DataNova,11176.69,PEN,Activo,2024-10-28,PRV0093
PROD0335,SKU-40776,Servicio MDM 335,Software,SecureBI,6855.91,,Inactivo,2027-12-18,PRV0009
PROD0336,SKU-30092,Conector DataGov 336,Software,DataNova,3271.36,PEN,Inactivo,2023-03-26,PRV0060
PROD0337,SKU-64057,Dashboard Analytics 337,Serv TI,DataNova,2666.59,USD,Activo,2021-01-28,PRV0093
PROD0338,SKU-72805,Plataforma BI 338,Licencias,DWC Demo,3080.34,USD,Activo,2022-07-02,PRV0089
PROD0339,SKU-68718,Plataforma ETL 339,Capacitación,OpenData,12164.79,S/,Inactivo,2024-08-24,
PROD0340,SKU-40345,Plataforma MDM 340,Soporte,DataNova,10747.76,,Activo,2025-03-01,PRV0059
PROD0341,SKU-71928,Conector MDM 341,Servicios ti,OpenData,8191.63,USD,Activo,2023-02-04,PRV0095
PROD0342,SKU-93796,Dashboard DataGov 342,Soporte,InfoCore,5234.48,USD,Activo,2021-12-23,PRV0019
PROD0343,SKU-98166,Conector ETL 343,Capacitación,AndesTech,11287.31,PEN,Activo,2023-10-10,PRV0078
PROD0344,SKU-43187,Servicio BI 344,software,InfoCore,13277.35,,Activo,2022-11-13,PRV0006
PROD0345,SKU-55017,Conector Cloud 345,,AndesTech,7619.98,,Activo,2025-10-27,PRV0074
PROD0346,SKU-28287,Licencia BI 346,Capacitación,DataNova,14659.62,PEN,Activo,2025-06-11,PRV0065
PROD0347,SKU-81302,Dashboard Analytics 347,Licencias,OpenData,677.58,S/,Activo,2021-08-01,PRV0095
PROD0348,SKU-39724,Servicio DataGov 348,Hardware,AndesTech,10275.96,S/,Activo,2025-06-02,PRV0071
PROD0349,SKU-61768,Soporte Cloud 349,,AndesTech,7870.66,S/,Inactivo,2025-08-06,PRV0089
PROD0350,SKU-23949,Soporte Cloud 350,Consultoría,SecureBI,3425.93,PEN,Activo,2024-08-11,PRV0064
